"","EHMacute","acute.sc","dur.ac","het.gen.sd","bp"
"2.5%",-1.14025618935187,0.583382258875594,0.537882700722268,0.073864057729952,0.00186071242499901
"50%",17.5950438851773,10.135453870711,2.00709856570241,1.49834172602277,0.110428237098946
"97.5%",649.894574322812,172.852064723084,7.46971586688577,2.92494522637571,6.10338211385613
