"","EHMacute","acute.sc","dur.ac","het.gen.sd","bp"
"2.5%",-1.20023089365641,0.584698682345895,0.537896166130062,0.0746310790709686,0.00185139889150398
"50%",17.8699711436157,10.1794249101434,2.01828827710953,1.49558420176618,0.113044537761635
"97.5%",638.415158280544,172.909134208543,7.4777868821232,2.92725930594024,6.07369600995636
